Table 1- References used to extract infiltration curves and metadata from litereture;;;
No.;Dataset;;Reference
;From;To;
1;295;317;Miller et al. (2005)
2;318;322;Adindu Ruth et al. (2014)
3;542;544;Alagna et al. (2016)
4;545;-;Angulo-Jaramillo et al. (2000)
5;546;548;Su et al. (2016)
6;549;550;Quadri et al. (1994)
7;551;553;Qi and Liu (2014)
8;554;558;Huang et al. (2015)
9;559;568;Al-Kayssi and Mustafa (2016)
10;1421;1432;Bhardwaj and Singh (1992)
11;1433;1435;Berglund et al. (1980)
12;1436;1443;Wu et al. (2016)
13;1444;1446;Chartier et al. (2011)
14;1447;1456;Sihag et al. (2017)
15;1457;1460;Machiwal et al. (2006)
16;1461;1466;Igbadun et al. (2016)
17;1467;1469;Mohanty et al. (1994)
18;1470;1472;Sauwa et al. (2013)
19;1473;1476;Arshad et al. (2015)
20;1477;1488;Bhawan (1997)
21;1489;1495;Uloma et al. (2013)
22;1496;-;Al-Azawi (1985)
23;1497;1499;Ogbe et al. (2011)
24;1500;1507;Teague (2010)
25;4506;4515;Muhamad et al. (2008)
26;4516;-;Delage et al. (2016)
27;4517;4518;Ruprecht and Schofield (1993)
28;4519;4520;Bertol et al. (2015)
29;4521;4523;Naeth et al. (1991)
30;4524;4529;Huang et al. (2011)
31;4530;4537;van der Kamp et al. (2003)
32;4538;-;Ja?ka et al. (2016)
33;4539;4568;Matula (2003)
34;4569;4586;Casanova (1998)
35;4587;4593;Holzapfel et al. (1988)
36;4594;4605;Wang et al. (2015b)
37;4606;4611;Mao et al. (2016)
38;4612;-;Wang et al. (2016)
39;4613;4615;Qian et al. (2014)
40;4617;4619;Fan et al. (2013)
41;4620;-;Zhang et al. (2000)
42;4621;4623;Wang et al. (2015a)
43;4624;4633;Yang and Zhang (2011)
44;4634;4657;Wu et al. (2016)
45;4658;4663;Ma et al. (2017)
46;4664;4681;Thierfelder et al. (2003)
47;4682;4683;Commandeur et al. (1994)
48;4684;4686;Di Prima et al. (2016)
49;4687;4688;Angulo-Jaramillo et al. (2000)
50;4689;4691;Machiwal et al. (2006)
51;4692;-;Ayu et al. (2013)
52;4693;4699;Rei et al. (2016)
53;4700;4702;Omuto et al. (2006)
54;4703;4706;N�var and Synnott (2000)
55;4707;-;Scotter et al. (1988)
56;4708;4720;Khan and Strosser (1998)
57;4721;4724;Lipiec et al. (2006)
58;4725;-;Suzuki (2013)
59;4726;4728;Sukhanovskij et al. (2015)
60;4729;4749;Al-Ghazal (2002)
61;4750;-;Sorman et al. (1995)
62;4751;4764;Bowyer?Bower (1993)
63;4765;4788;Medinski et al. (2009)
64;4789;4792;Latorre et al. (2015)
65;4793;4795;Biro et al. (2010)
66;4796;4799;Mohammed et al. (2007)
67;4800;4815;Abdallah et al. (2016)
68;4816;4819;Murray and Buttle (2005)
69;4820;4831;Zhang et al. (2015)
70;4832;4837;Perkins and McDaniel (2005)
71;4838;4841;Arriaga et al. (2010)
72;4842;4857;Thierfelder et al. (2017)
73;4858;4867;Thierfelder and Wall (2009)
74;4868;4879;Abagale et al. (2012)
